,Target_File,Pose,SER_1,THR_2,ILE_3,GLU_4,GLU_5,ARG_6,VAL_7,LYS_8,LYS_9,ILE_10,ILE_11,GLY_12,GLU_13,GLN_14,LEU_15,GLY_16,VAL_17,LYS_18,GLN_19,GLU_20,GLU_21,VAL_22,THR_23,ASN_24,ASN_25,ALA_26,SER_27,PHE_28,VAL_29,GLU_30,ASP_31,LEU_32,GLY_33,ALA_34,ASP_35,SER_36,LEU_37,ASP_38,THR_39,VAL_40,GLU_41,LEU_42,VAL_43,MET_44,ALA_45,LEU_46,GLU_47,GLU_48,GLU_49,PHE_50,ASP_51,THR_52,GLU_53,ILE_54,PRO_55,ASP_56,GLU_57,GLU_58,ALA_59,GLU_60,LYS_61,ILE_62,THR_63,THR_64,VAL_65,GLN_66,ALA_67,ALA_68,ILE_69,ASP_70,TYR_71,ILE_72,ASN_73,GLY_74,HIS_75,GLN_76,ALA_77
1T8K_ll37,1T8K,docking_ranked_1,0,0,0,0,0,0,0,0,0,0,0,0,0,0,0,0,0,0,0,0,0,0,0,0,0,0,0,0,0,0,0,0,0,0,3,95,152,11,3,99,16,0,13,25,0,0,35,13,0,0,0,4,75,1,48,117,3,5,20,27,0,0,0,0,0,0,0,0,0,0,0,0,0,3,37,46,21
1T8K_ll37,1T8K,docking_ranked_2,0,0,0,0,0,0,0,0,0,0,0,0,0,0,0,0,0,0,0,0,0,0,0,0,0,0,0,0,50,1,0,0,6,12,27,145,53,0,0,108,0,0,16,74,1,0,44,18,0,0,27,46,153,13,14,146,0,0,17,43,0,0,0,0,0,0,0,0,0,0,0,0,0,0,21,6,38
1T8K_ll37,1T8K,docking_ranked_3,0,0,0,0,0,0,0,0,0,0,0,0,0,0,0,0,0,0,0,0,0,0,0,0,26,3,49,2,81,82,13,0,0,0,9,150,49,0,11,99,0,0,10,29,0,0,21,54,1,0,67,7,74,11,4,75,0,0,11,46,34,0,57,16,0,0,0,0,0,0,0,0,0,0,0,0,0
1T8K_ll37,1T8K,docking_ranked_4,0,0,0,0,0,0,0,0,0,0,0,0,0,0,0,0,0,0,0,0,0,0,0,0,0,0,1,0,29,15,0,0,0,0,0,143,39,0,1,82,8,0,0,37,0,0,6,16,0,0,0,0,13,0,0,42,0,0,1,60,52,0,31,0,0,0,0,0,0,0,0,0,0,0,0,0,0
1T8K_ll37,1T8K,docking_ranked_5,0,0,0,0,0,3,0,0,0,0,0,0,0,0,0,0,0,0,0,0,0,0,0,0,0,0,26,0,13,62,1,0,0,0,0,89,41,0,9,95,0,0,18,27,0,0,32,48,26,0,45,1,37,7,11,181,2,0,20,53,0,0,4,2,0,0,0,0,0,0,0,0,0,0,0,0,0
1T8K_ll37,1T8K,docking_ranked_6,0,0,0,0,0,0,0,0,0,0,0,0,0,0,0,0,0,0,0,0,0,0,0,0,0,0,0,0,2,0,0,0,0,1,12,136,10,0,15,135,1,0,7,13,0,0,23,17,0,0,28,7,73,16,51,174,0,0,10,22,0,0,0,0,0,0,0,0,0,0,0,0,0,0,0,0,0
1T8K_ll37,1T8K,docking_ranked_7,0,0,0,0,0,0,0,0,0,0,0,0,0,0,0,0,0,0,0,0,0,0,0,0,0,0,0,0,0,0,0,0,0,0,19,0,120,22,0,53,50,0,6,81,0,0,34,22,0,0,4,13,130,22,84,21,27,27,0,0,0,0,0,0,0,0,0,0,0,0,1,0,0,4,67,10,13
1T8K_ll37,1T8K,docking_ranked_8,0,0,0,0,0,0,0,0,0,0,0,0,0,0,0,0,0,0,0,0,0,0,0,0,0,0,1,0,18,26,0,0,0,0,0,145,47,0,6,128,6,0,9,50,1,0,46,23,0,0,0,4,31,1,0,62,0,0,29,62,0,0,10,0,0,0,0,0,0,0,0,0,0,0,0,0,0
1T8K_ll37,1T8K,docking_ranked_9,0,0,0,0,0,0,0,0,0,0,0,0,0,0,0,0,0,0,0,0,0,0,0,0,0,0,0,0,8,4,0,0,0,0,0,62,30,0,8,96,15,0,2,29,0,0,40,28,0,0,24,5,38,3,0,49,0,0,4,64,5,0,7,0,0,0,0,0,0,0,0,0,0,0,0,0,0
1T8K_ll37,1T8K,docking_ranked_10,0,0,0,0,0,0,0,0,0,0,0,0,0,0,0,0,0,0,0,0,0,0,0,0,0,0,0,0,0,0,0,0,0,0,0,39,18,0,14,125,15,0,1,54,0,0,28,38,0,0,41,5,29,0,0,36,2,0,8,107,44,0,7,0,0,0,0,0,0,0,0,0,0,0,0,0,27
1T8K_melittin,1T8K,docking_ranked_1,0,0,0,0,0,0,0,0,0,0,0,0,0,0,0,0,0,0,0,0,0,0,0,0,0,0,12,5,41,6,0,0,0,0,0,62,0,0,27,74,0,0,6,30,7,0,26,102,0,0,13,0,30,1,0,78,0,0,16,59,0,3,57,0,0,0,0,0,0,0,0,0,0,0,0,0,0
1T8K_melittin,1T8K,docking_ranked_2,0,0,0,0,0,0,0,0,0,0,0,0,0,0,0,0,0,0,0,0,0,0,0,0,0,0,2,0,21,9,0,0,0,0,0,79,1,0,10,107,0,0,23,37,0,0,37,60,0,0,17,2,46,6,0,78,0,0,23,62,1,5,12,0,0,0,0,0,0,0,0,0,0,0,0,0,0
1T8K_melittin,1T8K,docking_ranked_3,0,0,0,0,0,0,0,0,0,0,0,0,0,0,0,0,0,0,0,0,0,0,0,0,0,0,5,0,60,22,0,0,0,0,4,130,2,0,16,124,11,0,9,54,0,0,25,42,0,0,1,3,17,0,0,34,0,0,6,43,1,0,21,0,0,0,0,0,0,0,0,0,0,0,0,0,0
1T8K_melittin,1T8K,docking_ranked_4,0,0,0,0,0,0,0,0,0,0,0,0,0,0,0,0,0,0,0,0,0,0,0,0,0,0,1,0,36,27,0,0,0,0,4,193,14,0,13,133,0,0,15,68,0,0,23,23,0,0,0,0,25,11,4,48,0,0,6,51,5,0,33,0,0,0,0,0,0,0,0,0,0,0,0,0,0
1T8K_melittin,1T8K,docking_ranked_5,0,0,0,0,0,0,0,0,0,0,0,0,0,0,0,0,0,0,0,0,0,0,0,0,0,0,0,0,0,0,0,0,0,0,0,0,0,0,0,84,1,0,21,49,0,0,37,9,0,0,24,21,115,19,56,93,0,4,13,13,0,0,0,0,0,0,0,0,0,0,2,0,0,0,35,10,42
1T8K_melittin,1T8K,docking_ranked_6,0,0,0,0,0,0,0,0,0,0,0,0,0,0,0,0,0,0,0,0,0,0,0,0,0,0,0,0,0,0,0,0,0,0,0,1,82,0,0,67,32,0,1,25,0,0,1,0,0,0,25,11,114,9,92,192,29,0,4,2,0,0,0,0,0,0,0,0,0,0,5,0,0,1,34,21,24
1T8K_melittin,1T8K,docking_ranked_7,0,0,0,0,0,0,0,0,0,0,0,0,0,0,0,0,0,0,0,0,0,0,0,0,0,0,0,18,21,0,0,0,0,0,0,107,36,0,62,78,6,0,9,48,0,0,40,106,0,0,54,13,47,0,0,3,0,0,8,25,0,12,34,0,0,0,0,0,0,0,0,0,0,0,0,0,2
1T8K_melittin,1T8K,docking_ranked_8,0,0,0,0,0,0,0,0,0,0,0,0,0,0,0,0,0,0,0,0,0,0,0,0,0,0,0,0,6,0,0,0,0,0,1,115,12,0,30,87,0,0,7,9,0,0,15,17,0,0,35,8,55,11,2,110,0,0,15,79,0,0,12,0,0,0,0,0,0,0,0,0,0,0,0,0,0
1T8K_melittin,1T8K,docking_ranked_9,0,0,0,0,0,0,0,0,0,0,0,0,0,0,0,0,0,0,0,0,0,0,0,0,0,0,3,0,35,21,0,0,0,0,2,109,6,0,13,36,0,0,23,66,2,0,32,53,0,0,25,20,58,9,0,109,0,0,17,55,7,4,35,0,0,0,0,0,0,0,0,0,0,0,0,0,0
1T8K_melittin,1T8K,docking_ranked_10,0,0,0,0,0,0,0,0,0,0,0,0,0,0,0,0,0,0,0,0,0,0,0,0,0,0,0,0,0,0,0,0,0,0,5,15,141,7,0,67,32,0,0,40,0,0,36,13,0,0,48,31,132,11,2,1,0,0,0,0,0,0,0,0,0,0,0,0,0,0,0,0,0,0,0,0,1
1T8K_smap29,1T8K,docking_ranked_1,0,0,0,0,0,0,0,0,0,0,0,0,0,0,0,0,0,0,0,0,0,0,0,0,0,0,0,0,0,0,0,0,0,0,3,124,13,0,21,77,0,0,3,9,0,0,28,40,0,0,74,22,117,19,14,97,0,0,6,69,0,7,2,0,0,0,0,0,0,0,0,0,0,0,0,0,1
1T8K_smap29,1T8K,docking_ranked_2,0,0,0,0,0,0,0,0,0,0,0,0,0,0,0,0,0,0,0,0,0,0,0,0,0,0,0,0,62,57,1,0,2,3,14,145,53,0,20,138,9,0,13,37,0,0,40,34,0,0,31,8,41,2,0,73,0,0,16,35,0,0,7,0,0,0,0,0,0,0,0,0,0,0,0,0,0
1T8K_smap29,1T8K,docking_ranked_3,0,0,0,0,0,0,0,0,0,0,0,0,0,0,0,0,0,0,0,0,0,0,0,0,0,0,0,0,0,0,0,0,0,0,8,0,107,6,0,51,17,0,19,26,0,0,17,0,0,0,19,39,109,24,97,182,15,22,17,8,0,0,0,0,0,0,0,0,0,0,6,0,0,0,51,12,25
1T8K_smap29,1T8K,docking_ranked_4,0,0,0,0,0,0,0,0,0,0,0,0,0,0,0,0,0,0,0,0,0,0,0,0,0,0,0,0,35,8,0,0,0,4,17,112,12,0,2,111,9,0,22,31,0,0,16,31,0,0,29,3,51,8,2,69,0,0,22,71,0,2,2,0,0,0,0,0,0,0,0,0,0,0,0,0,0
1T8K_smap29,1T8K,docking_ranked_5,0,0,0,0,0,0,0,0,0,0,0,0,0,0,0,0,0,0,0,0,0,0,0,0,0,0,0,0,1,0,0,0,0,0,0,163,74,0,28,103,13,0,18,11,0,0,22,81,4,0,55,19,100,8,14,76,0,0,17,45,0,3,0,0,0,0,0,0,0,0,0,0,0,0,0,0,0
1T8K_smap29,1T8K,docking_ranked_6,0,0,0,0,0,0,0,0,0,0,0,0,0,0,0,0,0,0,0,0,0,0,0,0,0,0,0,0,2,0,0,0,0,0,1,119,13,0,18,87,0,0,3,48,0,0,39,48,0,0,46,2,49,6,3,73,0,0,10,65,0,4,0,0,0,0,0,0,0,0,0,0,0,0,0,0,27
1T8K_smap29,1T8K,docking_ranked_7,0,0,0,0,0,0,0,0,0,0,0,0,0,0,0,0,0,0,0,0,0,0,0,0,0,0,0,0,0,0,0,0,0,0,13,0,163,14,0,9,26,0,0,32,0,0,33,65,7,3,82,9,28,1,0,0,0,0,0,0,0,0,0,0,0,0,0,0,0,0,0,0,0,0,0,0,19
1T8K_smap29,1T8K,docking_ranked_8,0,0,0,0,0,0,0,0,0,0,0,0,0,0,0,0,0,0,0,0,0,0,0,0,0,0,0,0,25,13,0,0,0,0,0,105,3,0,8,107,9,0,8,41,0,0,22,37,0,0,33,4,34,3,0,75,0,0,13,63,0,0,11,0,0,0,0,0,0,0,0,0,0,0,0,0,0
1T8K_smap29,1T8K,docking_ranked_9,0,0,0,0,0,0,0,0,0,0,0,0,0,0,0,0,0,0,0,0,0,0,0,0,0,0,0,0,0,0,0,0,0,0,0,107,65,0,10,91,2,0,10,26,0,0,35,38,0,0,89,13,76,9,6,48,0,0,11,37,0,2,5,0,0,0,0,0,0,0,0,0,0,0,0,0,39
1T8K_smap29,1T8K,docking_ranked_10,0,0,0,0,0,0,0,0,0,0,0,0,0,0,0,0,0,0,0,0,0,0,0,0,0,0,0,0,66,43,0,0,18,11,42,190,97,0,25,90,9,0,0,41,0,0,41,64,0,0,33,7,62,4,7,45,0,0,0,24,0,0,1,0,0,0,0,0,0,0,0,0,0,0,0,0,0
